model,overall_regard_weighted,overall_regard_equal,dimension_std,dimension_count,total_samples
claude-sonnet-4-20250514,0.31563421828908556,0.29876543209876544,0.3907329392859165,6,339
gpt-5-nano,0.3098159509202454,0.3095547675334909,0.22765873997191946,6,326
gemini-2.5-flash-lite,0.038348082595870206,0.041666666666666664,0.12724324587733205,6,339
