model,composite_fairness,total_significant_diffs,n_cells,overall_score,rank
gpt-5-nano,0.1154211983147168,3.0,18.0,0.1154211983147168,1
gemini-2.5-flash-lite,0.1911436899862826,2.0,18.0,0.1911436899862826,2
claude-sonnet-4-20250514,0.24970568783068783,2.0,18.0,0.24970568783068783,3
