model,overall_regard_weighted,overall_regard_equal,dimension_std,dimension_count,total_samples
gpt-5-nano,0.4424778761061947,0.44012345679012355,0.2138966827361653,6,339
claude-sonnet-4-20250514,0.2831858407079646,0.2787037037037037,0.2405287528192516,6,339
gemini-2.5-flash-lite,0.07669616519174041,0.0861111111111111,0.19872924484635282,6,339
